{"cameraMode":{"drawMode":0,"name":"Shaded","section":"Shading Mode"},"sceneLighting":false,"audioPlay":false,"sceneViewState":{"showFog":true,"showMaterialUpdate":false,"showSkybox":false,"showFlares":true,"showImageEffects":true,"showParticleSystems":true},"in2DMode":false,"pivot":{"x":0.0,"y":0.6800000667572022,"z":-5.960464477539063e-8},"rotation":{"x":0.37752142548561098,"y":0.2631702423095703,"z":-0.11282151192426682,"w":0.8806208968162537},"size":3.379999876022339,"orthographic":false}